total_return,daily_volatility,daily_sharpe,max_drawdown,calmar_ratio
1.1725813183849754,0.011303156042368666,0.07390468904514413,-0.15359065781040682,1.3968237543751767
