Total Return,Volatility (daily std),"Sharpe (rf=0, daily)"
1.363025035557396,0.011790656312334991,0.07840732518502873
