,total_return,daily_volatility,daily_sharpe,max_drawdown,calmar_ratio
baseline_equal_weight,0.6314825603915892,0.008050551821328404,0.14134295247197753,-0.06206084683255708,5.173540952752307
ppo_rl,0.5865332966075736,0.008610449808544376,0.12533585726237345,-0.0751214653793425,3.996796937195419
