total_return,daily_volatility,daily_sharpe,max_drawdown,calmar_ratio
0.7121021905812144,0.012246757586337092,0.06435177690516371,-0.17823228220400245,1.1046119866798092
