total_return,daily_volatility,daily_sharpe,max_drawdown,calmar_ratio
0.6604759400087898,0.011748284666781038,0.06312460738967879,-0.15358730901128925,1.2025235475554434
