total_return,daily_volatility,daily_sharpe,max_drawdown,calmar_ratio
1.1941207771782927,0.011509125199402328,0.08336270314736342,-0.1389232467556757,1.8164475285143644
