total_return,daily_volatility,daily_sharpe,max_drawdown,calmar_ratio
0.43257490268574683,0.007960517682981661,0.12380530641319168,-0.06194856223205614,4.384461013774221
