total_return,daily_volatility,daily_sharpe,max_drawdown,calmar_ratio
0.7849163794379195,0.008404204594649295,0.14132270951666107,-0.061233959418724226,5.499844858635254
