Total Return,Volatility (daily std),"Sharpe (rf=0, daily)"
0.40579249204010526,0.009760095891878111,0.14396120268744572
