,total_return,daily_volatility,daily_sharpe,max_drawdown,calmar_ratio
baseline_equal_weight,0.8173020659531212,0.008369527896830565,0.14643244262821398,-0.061233959418724226,5.710533136901068
markowitz_mvp,0.27992310152067,0.007685155926732534,0.06783256979668038,-0.09550317950246578,1.3810346968164582
random_forest,0.6732436913894335,0.008088260646877477,0.13088153295256397,-0.06954195057414969,4.2401215175672045
