,total_return,daily_volatility,daily_sharpe,max_drawdown,calmar_ratio
baseline_equal_weight,0.8191322127178453,0.009380905512104517,0.1487481087560728,-0.09760872883528526,4.1540966921163225
ppo_rl,0.9505621203508903,0.010005918158296651,0.155795604224593,-0.09644707003370334,4.794020268046819
