total_return,daily_volatility,daily_sharpe,max_drawdown,calmar_ratio
0.7500145340720188,0.009695337974344726,0.11965856922598599,-0.12554630513554488,2.577672469267529
