total_return,daily_volatility,daily_sharpe,max_drawdown,calmar_ratio
0.21774197699750353,0.008835548676756427,0.03399110061583991,-0.12747019756098887,0.5338982561704939
