,total_return,daily_volatility,daily_sharpe,max_drawdown,calmar_ratio
baseline_equal_weight,0.27514616740403564,0.010608549387727897,0.12527737070166667,-0.0691238604614991,5.46952893295986
ppo_rl,0.36434152349154325,0.01166468543896873,0.14527252537927232,-0.0619452649532759,8.179070053320363
