,total_return,daily_volatility,daily_sharpe,max_drawdown,calmar_ratio
baseline_equal_weight,0.43587925782281145,0.0096760708170521,0.15445418559716423,-0.06913145900903694,6.365279033640825
markowitz_mvp,0.350718188438466,0.009425109617949049,0.1323592755895817,-0.07982852055195211,4.434138282950072
random_forest,0.3729419117286532,0.009677536463774714,0.13589962160354596,-0.07523200534923569,5.003556967526517
