total_return,daily_volatility,daily_sharpe,max_drawdown,calmar_ratio
0.9856038806223251,0.010050490392932997,0.14077289931194242,-0.10148677866539779,4.0406808239886844
