total_return,daily_volatility,daily_sharpe,max_drawdown,calmar_ratio
0.26963766837745373,0.007686972721948746,0.06560337942826941,-0.09550317950246578,1.3303161557470373
