total_return,daily_volatility,daily_sharpe,max_drawdown,calmar_ratio
0.3210810549632088,0.009519441059377645,0.12134254352869714,-0.07982852055195211,4.040503642232433
