total_return,daily_volatility,daily_sharpe,max_drawdown,calmar_ratio
0.7685084030597058,0.011771945646804217,0.07012999279112991,-0.13559300948546404,1.5481209277900778
